ID	bpPosition+1	OriginalBase	NewBase	Support 25-mer (out of 9)	Alt.Base1	Alt.Support1	Alt.Base2	Alt.Support2	Alt.Base3	Alt.Support3
U00096.3_MG1655_k12	117	A	T	9
U00096.3_MG1655_k12	8740	G	C	9
U00096.3_MG1655_k12	11394	C	G	9
U00096.3_MG1655_k12	11525	G	C	9
U00096.3_MG1655_k12	12660	T	A	9
U00096.3_MG1655_k12	14429	C	G	9
U00096.3_MG1655_k12	20310	C	G	9
U00096.3_MG1655_k12	29521	A	-AT	8
U00096.3_MG1655_k12	29834	C	G	9
U00096.3_MG1655_k12	31337	G	C	9
U00096.3_MG1655_k12	32638	G	C	9
U00096.3_MG1655_k12	32767	A	T	9
U00096.3_MG1655_k12	34206	G	C	9
U00096.3_MG1655_k12	47729	C	G	9
U00096.3_MG1655_k12	51907	G	C	9
U00096.3_MG1655_k12	56025	T	A	9
U00096.3_MG1655_k12	68395	A	T	9
U00096.3_MG1655_k12	72155	G	C	9
U00096.3_MG1655_k12	76506	C	G	9
U00096.3_MG1655_k12	79591	C	G	9
U00096.3_MG1655_k12	83044	G	C	9
U00096.3_MG1655_k12	89873	T	A	9
U00096.3_MG1655_k12	89905	G	+C	8
U00096.3_MG1655_k12	99903	G	C	9
U00096.3_MG1655_k12	117069	C	G	9
U00096.3_MG1655_k12	137096	T	A	9
U00096.3_MG1655_k12	141319	G	C	9
U00096.3_MG1655_k12	141602	C	-C	8
U00096.3_MG1655_k12	143171	T	-T	8
U00096.3_MG1655_k12	147698	C	G	9
U00096.3_MG1655_k12	151818	C	G	9
U00096.3_MG1655_k12	152807	A	T	9
U00096.3_MG1655_k12	169621	A	-A	8
U00096.3_MG1655_k12	169945	T	A	9
U00096.3_MG1655_k12	171238	C	G	9
U00096.3_MG1655_k12	176499	T	A	9
U00096.3_MG1655_k12	180445	T	A	9
U00096.3_MG1655_k12	183087	G	-GCCT	8
U00096.3_MG1655_k12	188770	A	-AC	8
U00096.3_MG1655_k12	189835	T	A	9
U00096.3_MG1655_k12	199651	A	T	9
U00096.3_MG1655_k12	211421	G	+C	8
U00096.3_MG1655_k12	215552	C	G	9
U00096.3_MG1655_k12	218394	G	C	9
U00096.3_MG1655_k12	226585	C	G	9
U00096.3_MG1655_k12	245929	A	T	9
U00096.3_MG1655_k12	251675	T	A	9
U00096.3_MG1655_k12	257873	T	A	9
U00096.3_MG1655_k12	261486	A	T	9
U00096.3_MG1655_k12	264008	G	-GAGCT	8
U00096.3_MG1655_k12	266174	C	G	9
U00096.3_MG1655_k12	270592	C	G	9
U00096.3_MG1655_k12	271437	A	T	9
U00096.3_MG1655_k12	275162	T	A	9
U00096.3_MG1655_k12	276524	T	A	9
U00096.3_MG1655_k12	276910	C	-C	8
U00096.3_MG1655_k12	297623	C	G	9
U00096.3_MG1655_k12	308022	C	G	9
U00096.3_MG1655_k12	319122	G	C	9
U00096.3_MG1655_k12	320842	G	C	9
U00096.3_MG1655_k12	330930	T	A	9
U00096.3_MG1655_k12	333299	G	C	9
U00096.3_MG1655_k12	335977	C	G	9
U00096.3_MG1655_k12	344575	C	-C	8
U00096.3_MG1655_k12	365028	G	C	9
U00096.3_MG1655_k12	365256	C	G	9
U00096.3_MG1655_k12	369751	C	G	9
U00096.3_MG1655_k12	374656	G	-G	8
U00096.3_MG1655_k12	375010	T	A	9
U00096.3_MG1655_k12	379524	A	T	9
U00096.3_MG1655_k12	379655	G	C	9
U00096.3_MG1655_k12	381276	G	C	9
U00096.3_MG1655_k12	381360	A	T	9
U00096.3_MG1655_k12	382904	T	A	9
U00096.3_MG1655_k12	391471	A	T	9
U00096.3_MG1655_k12	394871	A	T	9
U00096.3_MG1655_k12	396475	A	-AACC	8
U00096.3_MG1655_k12	397017	C	-C	8
U00096.3_MG1655_k12	400736	G	C	9
U00096.3_MG1655_k12	405464	T	A	9
U00096.3_MG1655_k12	414555	G	C	9
U00096.3_MG1655_k12	433522	G	C	9
U00096.3_MG1655_k12	438012	A	T	9
U00096.3_MG1655_k12	439430	G	C	9
U00096.3_MG1655_k12	442920	C	G	9
U00096.3_MG1655_k12	444775	T	A	9
U00096.3_MG1655_k12	446153	C	G	9
U00096.3_MG1655_k12	447845	C	G	3
U00096.3_MG1655_k12	456546	G	-G	8
U00096.3_MG1655_k12	457582	A	T	9
U00096.3_MG1655_k12	459463	C	G	9
U00096.3_MG1655_k12	465646	C	G	9
U00096.3_MG1655_k12	466510	C	G	9
U00096.3_MG1655_k12	471042	G	C	7
U00096.3_MG1655_k12	481457	G	C	9
U00096.3_MG1655_k12	485910	C	G	9
U00096.3_MG1655_k12	486474	A	T	9
U00096.3_MG1655_k12	489071	A	T	9
U00096.3_MG1655_k12	493175	A	T	9
U00096.3_MG1655_k12	493460	G	C	9
U00096.3_MG1655_k12	495500	C	G	9
U00096.3_MG1655_k12	501756	G	C	8
U00096.3_MG1655_k12	503793	A	T	9
U00096.3_MG1655_k12	516874	T	A	9
U00096.3_MG1655_k12	518137	G	C	5
U00096.3_MG1655_k12	535802	G	C	9
U00096.3_MG1655_k12	538166	C	G	9
U00096.3_MG1655_k12	544444	A	T	9
U00096.3_MG1655_k12	550782	C	G	9
U00096.3_MG1655_k12	551501	C	G	9
U00096.3_MG1655_k12	552754	G	C	9
U00096.3_MG1655_k12	557871	G	C	9
U00096.3_MG1655_k12	567609	A	T	9
U00096.3_MG1655_k12	571031	A	T	9
U00096.3_MG1655_k12	584032	A	T	9
U00096.3_MG1655_k12	584480	A	+T	8
U00096.3_MG1655_k12	587755	G	-G	8
U00096.3_MG1655_k12	589151	A	T	9
U00096.3_MG1655_k12	591432	G	C	9
U00096.3_MG1655_k12	592697	T	A	9
U00096.3_MG1655_k12	593901	T	A	9
U00096.3_MG1655_k12	597002	A	T	9
U00096.3_MG1655_k12	601177	G	C	9
U00096.3_MG1655_k12	607348	A	T	9
U00096.3_MG1655_k12	608392	G	C	9
U00096.3_MG1655_k12	626637	C	G	9
U00096.3_MG1655_k12	630131	G	-G	8
U00096.3_MG1655_k12	631607	C	G	9
U00096.3_MG1655_k12	634301	A	T	9
U00096.3_MG1655_k12	634875	A	T	9
U00096.3_MG1655_k12	635678	G	C	9
U00096.3_MG1655_k12	643836	C	G	9
U00096.3_MG1655_k12	647800	T	A	9
U00096.3_MG1655_k12	649362	C	-CGC	8
U00096.3_MG1655_k12	655233	G	C	9
U00096.3_MG1655_k12	657855	G	C	9
U00096.3_MG1655_k12	663721	C	G	9
U00096.3_MG1655_k12	667707	T	A	9
U00096.3_MG1655_k12	671602	C	G	9
U00096.3_MG1655_k12	680473	A	T	9
U00096.3_MG1655_k12	692331	T	A	9
U00096.3_MG1655_k12	695477	C	G	9
U00096.3_MG1655_k12	698406	C	+G	8
U00096.3_MG1655_k12	700450	C	+G	3
U00096.3_MG1655_k12	701917	T	A	9
U00096.3_MG1655_k12	703393	G	C	9
U00096.3_MG1655_k12	707936	C	G	9
U00096.3_MG1655_k12	712573	A	T	9
U00096.3_MG1655_k12	715685	A	T	9
U00096.3_MG1655_k12	725849	C	-CGC	8
U00096.3_MG1655_k12	728058	G	C	9
U00096.3_MG1655_k12	729161	A	T	9
U00096.3_MG1655_k12	738961	A	T	9
U00096.3_MG1655_k12	744804	T	A	9
U00096.3_MG1655_k12	746891	C	G	9
U00096.3_MG1655_k12	749982	G	+C	8
U00096.3_MG1655_k12	758248	C	-C	8
U00096.3_MG1655_k12	760562	C	G	9
U00096.3_MG1655_k12	774265	A	T	9
U00096.3_MG1655_k12	796068	A	T	9
U00096.3_MG1655_k12	796232	G	C	9
U00096.3_MG1655_k12	797839	T	A	9
U00096.3_MG1655_k12	802258	A	T	9
U00096.3_MG1655_k12	805949	G	C	9
U00096.3_MG1655_k12	808512	C	G	9
U00096.3_MG1655_k12	817317	C	G	9
U00096.3_MG1655_k12	817715	A	+TG	8
U00096.3_MG1655_k12	821110	A	T	6
U00096.3_MG1655_k12	830509	A	T	9
U00096.3_MG1655_k12	830894	C	-C	8
U00096.3_MG1655_k12	834507	C	G	9
U00096.3_MG1655_k12	842208	T	A	9
U00096.3_MG1655_k12	845579	T	A	9
U00096.3_MG1655_k12	848354	C	G	9
U00096.3_MG1655_k12	848541	A	T	9
U00096.3_MG1655_k12	863838	C	-CTGG	8
U00096.3_MG1655_k12	866825	C	G	9
U00096.3_MG1655_k12	867043	A	T	9
U00096.3_MG1655_k12	892915	T	A	9
U00096.3_MG1655_k12	893403	G	C	9
U00096.3_MG1655_k12	896232	G	C	9
U00096.3_MG1655_k12	898405	G	C	9
U00096.3_MG1655_k12	906936	T	A	9
U00096.3_MG1655_k12	908190	G	C	9
U00096.3_MG1655_k12	910629	A	T	9
U00096.3_MG1655_k12	913679	G	+C	8
U00096.3_MG1655_k12	914910	C	G	9
U00096.3_MG1655_k12	915032	G	C	9
U00096.3_MG1655_k12	923497	G	C	9
U00096.3_MG1655_k12	927767	C	G	9
U00096.3_MG1655_k12	930458	G	C	9
U00096.3_MG1655_k12	931854	T	A	9
U00096.3_MG1655_k12	938373	C	G	9
U00096.3_MG1655_k12	939327	G	C	9
U00096.3_MG1655_k12	942566	C	G	9
U00096.3_MG1655_k12	949284	T	A	9
U00096.3_MG1655_k12	949802	T	A	9
U00096.3_MG1655_k12	956544	T	A	9
U00096.3_MG1655_k12	963130	C	-CATA	8
U00096.3_MG1655_k12	963334	G	C	9
U00096.3_MG1655_k12	975258	C	G	9
U00096.3_MG1655_k12	975597	A	T	9
U00096.3_MG1655_k12	981324	T	+A	8
U00096.3_MG1655_k12	982900	A	T	9
U00096.3_MG1655_k12	988092	C	G	9
U00096.3_MG1655_k12	989121	G	C	9
U00096.3_MG1655_k12	1001738	G	C	9
U00096.3_MG1655_k12	1002173	A	T	9
U00096.3_MG1655_k12	1003358	C	G	9
U00096.3_MG1655_k12	1010269	T	A	9
U00096.3_MG1655_k12	1017516	G	C	9
U00096.3_MG1655_k12	1020109	G	-GT	8
U00096.3_MG1655_k12	1020152	T	+AA	8
U00096.3_MG1655_k12	1022689	T	A	9
U00096.3_MG1655_k12	1023466	A	T	9
U00096.3_MG1655_k12	1033265	G	C	9
U00096.3_MG1655_k12	1058267	T	A	9
U00096.3_MG1655_k12	1068094	A	T	9
U00096.3_MG1655_k12	1082370	T	A	9
U00096.3_MG1655_k12	1090908	T	A	9
U00096.3_MG1655_k12	1096475	C	G	9
U00096.3_MG1655_k12	1097852	A	T	3
U00096.3_MG1655_k12	1101542	A	T	9
U00096.3_MG1655_k12	1104716	A	T	9
U00096.3_MG1655_k12	1105714	T	A	9
U00096.3_MG1655_k12	1107647	A	T	9
U00096.3_MG1655_k12	1112381	T	A	9
U00096.3_MG1655_k12	1118053	C	G	9
U00096.3_MG1655_k12	1119144	T	A	9
U00096.3_MG1655_k12	1122806	G	C	9
U00096.3_MG1655_k12	1124912	G	C	9
U00096.3_MG1655_k12	1141832	G	C	9
U00096.3_MG1655_k12	1144024	G	C	9
U00096.3_MG1655_k12	1147268	G	C	9
U00096.3_MG1655_k12	1148586	G	C	9
U00096.3_MG1655_k12	1154046	C	G	9
U00096.3_MG1655_k12	1163609	T	A	9
U00096.3_MG1655_k12	1172233	T	A	9
U00096.3_MG1655_k12	1175128	A	T	9
U00096.3_MG1655_k12	1185818	T	A	9
U00096.3_MG1655_k12	1187877	T	-T	8
U00096.3_MG1655_k12	1188542	A	-A	8
U00096.3_MG1655_k12	1190165	T	A	9
U00096.3_MG1655_k12	1198776	A	T	9
U00096.3_MG1655_k12	1202744	T	A	9
U00096.3_MG1655_k12	1203179	A	T	9
U00096.3_MG1655_k12	1204440	A	T	9
U00096.3_MG1655_k12	1212085	C	-C	8
U00096.3_MG1655_k12	1214004	C	G	6
U00096.3_MG1655_k12	1215778	A	T	9
U00096.3_MG1655_k12	1217159	G	C	9
U00096.3_MG1655_k12	1224359	T	A	9
U00096.3_MG1655_k12	1233709	C	G	9
U00096.3_MG1655_k12	1235293	G	C	9
U00096.3_MG1655_k12	1237499	A	T	9
U00096.3_MG1655_k12	1244298	A	T	9
U00096.3_MG1655_k12	1252588	G	C	9
U00096.3_MG1655_k12	1261055	G	C	9
U00096.3_MG1655_k12	1276086	A	T	9
U00096.3_MG1655_k12	1284867	A	T	9
U00096.3_MG1655_k12	1285271	A	T	9
U00096.3_MG1655_k12	1291519	T	+A	8
U00096.3_MG1655_k12	1293564	A	+T	8
U00096.3_MG1655_k12	1294322	C	G	9
U00096.3_MG1655_k12	1295154	T	A	9
U00096.3_MG1655_k12	1296403	C	G	9
U00096.3_MG1655_k12	1308345	C	G	9
U00096.3_MG1655_k12	1317266	A	T	9
U00096.3_MG1655_k12	1330474	G	C	9
U00096.3_MG1655_k12	1335046	A	T	9
U00096.3_MG1655_k12	1339234	T	A	9
U00096.3_MG1655_k12	1340487	T	A	9
U00096.3_MG1655_k12	1340808	T	A	9
U00096.3_MG1655_k12	1347803	C	G	9
U00096.3_MG1655_k12	1350479	T	A	9
U00096.3_MG1655_k12	1351810	G	C	9
U00096.3_MG1655_k12	1352568	G	-GG	8
U00096.3_MG1655_k12	1353457	T	A	9
U00096.3_MG1655_k12	1364875	C	G	9
U00096.3_MG1655_k12	1375813	G	+C	8
U00096.3_MG1655_k12	1378608	T	A	9
U00096.3_MG1655_k12	1382161	T	A	9
U00096.3_MG1655_k12	1392565	A	T	9
U00096.3_MG1655_k12	1406655	T	A	9
U00096.3_MG1655_k12	1409973	C	G	9
U00096.3_MG1655_k12	1411220	C	+GCA	8
U00096.3_MG1655_k12	1412153	G	-GT	8
U00096.3_MG1655_k12	1412292	T	A	9
U00096.3_MG1655_k12	1420733	T	A	9
U00096.3_MG1655_k12	1428401	T	-T	8
U00096.3_MG1655_k12	1438900	A	T	9
U00096.3_MG1655_k12	1440893	A	T	9
U00096.3_MG1655_k12	1462846	G	-GG	8
U00096.3_MG1655_k12	1472213	T	A	9
U00096.3_MG1655_k12	1472541	C	G	9
U00096.3_MG1655_k12	1473776	T	A	9
U00096.3_MG1655_k12	1475503	A	T	9
U00096.3_MG1655_k12	1476673	C	+G	8
U00096.3_MG1655_k12	1477688	A	+T	8
U00096.3_MG1655_k12	1482878	G	-GCATC	6
U00096.3_MG1655_k12	1482900	G	C	9
U00096.3_MG1655_k12	1487251	C	-CT	8
U00096.3_MG1655_k12	1491508	A	T	9
U00096.3_MG1655_k12	1494338	T	-TGGT	8
U00096.3_MG1655_k12	1505541	T	A	9
U00096.3_MG1655_k12	1510202	C	G	9
U00096.3_MG1655_k12	1510251	G	-G	8
U00096.3_MG1655_k12	1512976	C	G	9
U00096.3_MG1655_k12	1513269	C	G	9
U00096.3_MG1655_k12	1519183	C	-C	8
U00096.3_MG1655_k12	1524929	T	A	9
U00096.3_MG1655_k12	1542155	A	T	9
U00096.3_MG1655_k12	1554925	T	A	9
U00096.3_MG1655_k12	1561265	A	+T	8
U00096.3_MG1655_k12	1565723	G	C	9
U00096.3_MG1655_k12	1576069	A	T	9
U00096.3_MG1655_k12	1577290	C	G	9
U00096.3_MG1655_k12	1583426	T	+A	8
U00096.3_MG1655_k12	1593774	C	G	9
U00096.3_MG1655_k12	1601609	C	G	9
U00096.3_MG1655_k12	1604999	G	C	9
U00096.3_MG1655_k12	1608241	A	-AG	8
U00096.3_MG1655_k12	1609309	A	T	9
U00096.3_MG1655_k12	1612255	A	-ATACG	8
U00096.3_MG1655_k12	1622891	C	G	9
U00096.3_MG1655_k12	1625108	C	G	9
U00096.3_MG1655_k12	1627958	T	A	9
U00096.3_MG1655_k12	1630870	T	A	9
U00096.3_MG1655_k12	1631399	T	+A	8
U00096.3_MG1655_k12	1645187	A	T	9
U00096.3_MG1655_k12	1646222	C	G	9
U00096.3_MG1655_k12	1651419	A	T	9
U00096.3_MG1655_k12	1653354	G	C	9
U00096.3_MG1655_k12	1664501	G	C	9
U00096.3_MG1655_k12	1672369	G	C	9
U00096.3_MG1655_k12	1676353	A	T	9
U00096.3_MG1655_k12	1684216	T	-T	8
U00096.3_MG1655_k12	1691403	A	+T	4
U00096.3_MG1655_k12	1694603	T	A	9
U00096.3_MG1655_k12	1694681	G	C	9
U00096.3_MG1655_k12	1695979	C	G	9
U00096.3_MG1655_k12	1697342	G	-GTC	8
U00096.3_MG1655_k12	1706785	T	A	9
U00096.3_MG1655_k12	1716477	C	G	9
U00096.3_MG1655_k12	1717076	C	G	9
U00096.3_MG1655_k12	1727494	C	G	9
U00096.3_MG1655_k12	1728656	T	A	9
U00096.3_MG1655_k12	1729355	T	A	9
U00096.3_MG1655_k12	1738568	T	A	9
U00096.3_MG1655_k12	1743092	A	T	9
U00096.3_MG1655_k12	1746406	T	+A	8
U00096.3_MG1655_k12	1756412	A	+TCGA	8
U00096.3_MG1655_k12	1758114	T	A	9
U00096.3_MG1655_k12	1763047	A	T	9
U00096.3_MG1655_k12	1770783	T	A	9
U00096.3_MG1655_k12	1774971	A	T	9
U00096.3_MG1655_k12	1775917	C	G	9
U00096.3_MG1655_k12	1792450	C	G	9
U00096.3_MG1655_k12	1794837	T	A	9
U00096.3_MG1655_k12	1796956	T	A	9
U00096.3_MG1655_k12	1797055	G	+CATC	8
U00096.3_MG1655_k12	1815574	C	-C	8
U00096.3_MG1655_k12	1818412	C	G	9
U00096.3_MG1655_k12	1819011	C	G	9
U00096.3_MG1655_k12	1832901	C	G	9
U00096.3_MG1655_k12	1841818	A	T	9
U00096.3_MG1655_k12	1846963	G	C	9
U00096.3_MG1655_k12	1849586	A	-A	8
U00096.3_MG1655_k12	1852285	A	+T	8
U00096.3_MG1655_k12	1868177	G	-GTAT	8
U00096.3_MG1655_k12	1872236	G	C	9
U00096.3_MG1655_k12	1880405	T	A	9
U00096.3_MG1655_k12	1910109	G	C	9
U00096.3_MG1655_k12	1926689	T	A	9
U00096.3_MG1655_k12	1931231	T	A	9
U00096.3_MG1655_k12	1934584	C	G	9
U00096.3_MG1655_k12	1947491	T	-TG	8
U00096.3_MG1655_k12	1948575	A	T	9
U00096.3_MG1655_k12	1952281	A	T	9
U00096.3_MG1655_k12	1954541	T	A	9
U00096.3_MG1655_k12	1955734	G	+CC	8
U00096.3_MG1655_k12	1956634	C	G	9
U00096.3_MG1655_k12	1960747	C	G	9
U00096.3_MG1655_k12	1961825	T	A	9
U00096.3_MG1655_k12	1962942	A	-A	8
U00096.3_MG1655_k12	1967327	A	T	9
U00096.3_MG1655_k12	1977365	A	T	9
U00096.3_MG1655_k12	1980131	A	T	9
U00096.3_MG1655_k12	1981382	A	T	9
U00096.3_MG1655_k12	1991352	T	A	9
U00096.3_MG1655_k12	2002186	G	C	9
U00096.3_MG1655_k12	2005515	T	A	9
U00096.3_MG1655_k12	2009856	A	T	9
U00096.3_MG1655_k12	2012018	A	T	9
U00096.3_MG1655_k12	2020688	C	G	9
U00096.3_MG1655_k12	2023452	T	A	9
U00096.3_MG1655_k12	2033871	A	T	9
U00096.3_MG1655_k12	2033946	C	G	9
U00096.3_MG1655_k12	2043722	C	G	9
U00096.3_MG1655_k12	2046597	T	A	9
U00096.3_MG1655_k12	2049226	T	A	9
U00096.3_MG1655_k12	2051850	G	C	9
U00096.3_MG1655_k12	2053468	C	G	9
U00096.3_MG1655_k12	2066391	G	C	9
U00096.3_MG1655_k12	2068358	C	G	9
U00096.3_MG1655_k12	2079529	A	T	9
U00096.3_MG1655_k12	2109079	C	G	9
U00096.3_MG1655_k12	2112609	A	T	9
U00096.3_MG1655_k12	2120045	A	T	9
U00096.3_MG1655_k12	2131336	G	C	9
U00096.3_MG1655_k12	2135813	T	A	9
U00096.3_MG1655_k12	2136348	G	C	9
U00096.3_MG1655_k12	2143452	G	C	9
U00096.3_MG1655_k12	2146522	A	T	9
U00096.3_MG1655_k12	2152212	C	G	9
U00096.3_MG1655_k12	2177409	T	A	9
U00096.3_MG1655_k12	2179082	C	G	9
U00096.3_MG1655_k12	2181530	C	+G	8
U00096.3_MG1655_k12	2189617	G	C	9
U00096.3_MG1655_k12	2200003	C	-C	8
U00096.3_MG1655_k12	2207403	T	A	9
U00096.3_MG1655_k12	2208130	T	A	9
U00096.3_MG1655_k12	2210652	C	G	9
U00096.3_MG1655_k12	2214921	C	G	3
U00096.3_MG1655_k12	2225991	G	C	9
U00096.3_MG1655_k12	2247570	T	A	9
U00096.3_MG1655_k12	2250917	T	A	9
U00096.3_MG1655_k12	2256839	C	G	9
U00096.3_MG1655_k12	2258325	T	A	9
U00096.3_MG1655_k12	2260623	A	T	9
U00096.3_MG1655_k12	2316888	T	A	9
U00096.3_MG1655_k12	2319665	A	T	9
U00096.3_MG1655_k12	2324436	G	C	9
U00096.3_MG1655_k12	2331910	G	C	9
U00096.3_MG1655_k12	2348650	A	T	9
U00096.3_MG1655_k12	2355607	G	C	9
U00096.3_MG1655_k12	2358727	C	+GG	8
U00096.3_MG1655_k12	2363953	A	T	9
U00096.3_MG1655_k12	2371270	G	C	9
U00096.3_MG1655_k12	2371555	A	T	9
U00096.3_MG1655_k12	2373305	A	T	9
U00096.3_MG1655_k12	2375792	G	C	9
U00096.3_MG1655_k12	2377212	C	G	9
U00096.3_MG1655_k12	2378851	G	C	9
U00096.3_MG1655_k12	2381421	T	A	9
U00096.3_MG1655_k12	2381565	A	+TA	8
U00096.3_MG1655_k12	2389420	A	T	9
U00096.3_MG1655_k12	2401600	C	G	9
U00096.3_MG1655_k12	2416137	C	+G	8
U00096.3_MG1655_k12	2421892	G	C	9
U00096.3_MG1655_k12	2427401	G	C	9
U00096.3_MG1655_k12	2430170	A	T	9
U00096.3_MG1655_k12	2439518	C	+GTGC	8
U00096.3_MG1655_k12	2443955	C	G	9
U00096.3_MG1655_k12	2447105	G	C	9
U00096.3_MG1655_k12	2451365	A	T	9
U00096.3_MG1655_k12	2452026	A	T	9
U00096.3_MG1655_k12	2454481	A	T	9
U00096.3_MG1655_k12	2468661	A	T	9
U00096.3_MG1655_k12	2481862	T	-TTCCA	8
U00096.3_MG1655_k12	2484075	G	C	9
U00096.3_MG1655_k12	2496104	T	A	9
U00096.3_MG1655_k12	2504784	C	+G	8
U00096.3_MG1655_k12	2507923	C	G	6
U00096.3_MG1655_k12	2510274	C	+G	8
U00096.3_MG1655_k12	2512072	G	C	9
U00096.3_MG1655_k12	2513794	T	A	9
U00096.3_MG1655_k12	2524149	C	G	9
U00096.3_MG1655_k12	2526143	G	C	9
U00096.3_MG1655_k12	2532999	C	G	9
U00096.3_MG1655_k12	2540475	G	C	9
U00096.3_MG1655_k12	2540651	T	+AA	8
U00096.3_MG1655_k12	2551139	C	G	9
U00096.3_MG1655_k12	2554492	C	G	9
U00096.3_MG1655_k12	2557186	A	T	9
U00096.3_MG1655_k12	2560204	C	G	9
U00096.3_MG1655_k12	2561686	T	A	9
U00096.3_MG1655_k12	2566090	T	A	9
U00096.3_MG1655_k12	2566224	T	A	9
U00096.3_MG1655_k12	2582920	G	C	9
U00096.3_MG1655_k12	2586188	G	C	9
U00096.3_MG1655_k12	2599804	A	T	9
U00096.3_MG1655_k12	2601342	G	C	9
U00096.3_MG1655_k12	2601934	C	+G	8
U00096.3_MG1655_k12	2603600	C	-C	8
U00096.3_MG1655_k12	2605489	T	A	9
U00096.3_MG1655_k12	2608254	A	T	9
U00096.3_MG1655_k12	2609626	C	+G	8
U00096.3_MG1655_k12	2621780	A	T	9
U00096.3_MG1655_k12	2626198	G	+CC	8
U00096.3_MG1655_k12	2640751	C	+G	8
U00096.3_MG1655_k12	2643588	G	C	9
U00096.3_MG1655_k12	2644789	A	T	9
U00096.3_MG1655_k12	2645424	C	G	9
U00096.3_MG1655_k12	2648117	T	A	9
U00096.3_MG1655_k12	2653145	A	T	9
U00096.3_MG1655_k12	2654501	T	A	9
U00096.3_MG1655_k12	2671037	C	G	9
U00096.3_MG1655_k12	2674072	T	A	5
U00096.3_MG1655_k12	2674088	C	G	9
U00096.3_MG1655_k12	2676949	G	+C	8
U00096.3_MG1655_k12	2677798	C	G	9
U00096.3_MG1655_k12	2683769	A	T	9
U00096.3_MG1655_k12	2687335	A	T	9
U00096.3_MG1655_k12	2688652	A	T	9
U00096.3_MG1655_k12	2688774	G	C	9
U00096.3_MG1655_k12	2708323	T	A	9
U00096.3_MG1655_k12	2722825	T	A	9
U00096.3_MG1655_k12	2733099	A	T	9
U00096.3_MG1655_k12	2733921	A	-AGAT	8
U00096.3_MG1655_k12	2735337	G	-G	8
U00096.3_MG1655_k12	2748375	G	+CT	8
U00096.3_MG1655_k12	2751081	T	+A	8
U00096.3_MG1655_k12	2756896	G	C	9
U00096.3_MG1655_k12	2771081	G	C	9
U00096.3_MG1655_k12	2771666	C	G	9
U00096.3_MG1655_k12	2772856	C	+G	8
U00096.3_MG1655_k12	2784693	A	T	9
U00096.3_MG1655_k12	2785140	A	T	9
U00096.3_MG1655_k12	2797699	C	G	9
U00096.3_MG1655_k12	2802980	G	C	5
U00096.3_MG1655_k12	2803294	T	A	9
U00096.3_MG1655_k12	2804549	A	T	9
U00096.3_MG1655_k12	2807550	C	G	9
U00096.3_MG1655_k12	2820505	A	T	9
U00096.3_MG1655_k12	2831116	C	G	9
U00096.3_MG1655_k12	2831195	A	T	9
U00096.3_MG1655_k12	2832501	T	A	9
U00096.3_MG1655_k12	2844155	T	A	9
U00096.3_MG1655_k12	2854198	G	C	9
U00096.3_MG1655_k12	2887830	A	T	9
U00096.3_MG1655_k12	2891625	A	T	9
U00096.3_MG1655_k12	2902247	G	-G	8
U00096.3_MG1655_k12	2910623	T	+A	8
U00096.3_MG1655_k12	2917590	T	A	9
U00096.3_MG1655_k12	2924356	G	C	9
U00096.3_MG1655_k12	2929189	T	A	9
U00096.3_MG1655_k12	2931228	A	T	9
U00096.3_MG1655_k12	2933535	T	A	9
U00096.3_MG1655_k12	2941245	T	A	9
U00096.3_MG1655_k12	2951295	A	T	9
U00096.3_MG1655_k12	2955856	C	G	9
U00096.3_MG1655_k12	2966665	A	T	9
U00096.3_MG1655_k12	2972023	C	G	9
U00096.3_MG1655_k12	2974265	C	G	9
U00096.3_MG1655_k12	2980058	G	C	9
U00096.3_MG1655_k12	2991989	G	C	9
U00096.3_MG1655_k12	2994617	G	C	9
U00096.3_MG1655_k12	2997156	T	A	9
U00096.3_MG1655_k12	2999579	G	C	9
U00096.3_MG1655_k12	3004418	A	T	9
U00096.3_MG1655_k12	3011995	T	A	9
U00096.3_MG1655_k12	3013532	C	G	9
U00096.3_MG1655_k12	3019091	C	G	9
U00096.3_MG1655_k12	3022911	C	G	9
U00096.3_MG1655_k12	3026874	T	A	9
U00096.3_MG1655_k12	3027062	C	G	9
U00096.3_MG1655_k12	3042368	C	-C	8
U00096.3_MG1655_k12	3048626	A	T	9
U00096.3_MG1655_k12	3054340	A	T	9
U00096.3_MG1655_k12	3054700	C	G	9
U00096.3_MG1655_k12	3064408	C	G	9
U00096.3_MG1655_k12	3065093	G	C	9
U00096.3_MG1655_k12	3069489	T	-TA	8
U00096.3_MG1655_k12	3083676	C	+G	8
U00096.3_MG1655_k12	3085097	A	-A	8
U00096.3_MG1655_k12	3086869	A	T	9
U00096.3_MG1655_k12	3092924	G	C	9
U00096.3_MG1655_k12	3096561	A	-A	8
U00096.3_MG1655_k12	3105715	T	A	9
U00096.3_MG1655_k12	3117990	A	-AGGG	8
U00096.3_MG1655_k12	3120230	A	-A	8
U00096.3_MG1655_k12	3130117	A	T	9
U00096.3_MG1655_k12	3134194	T	+AATA	8
U00096.3_MG1655_k12	3137062	A	T	9
U00096.3_MG1655_k12	3138248	T	A	9
U00096.3_MG1655_k12	3140688	C	G	9
U00096.3_MG1655_k12	3141644	G	C	9
U00096.3_MG1655_k12	3156562	T	A	9
U00096.3_MG1655_k12	3159933	C	G	9
U00096.3_MG1655_k12	3162836	G	C	9
U00096.3_MG1655_k12	3170216	T	A	9
U00096.3_MG1655_k12	3172822	T	A	9
U00096.3_MG1655_k12	3176402	T	+A	8
U00096.3_MG1655_k12	3181644	A	T	9
U00096.3_MG1655_k12	3182694	A	T	9
U00096.3_MG1655_k12	3184010	G	C	9
U00096.3_MG1655_k12	3193341	A	T	9
U00096.3_MG1655_k12	3206066	A	-A	8
U00096.3_MG1655_k12	3206985	G	C	9
U00096.3_MG1655_k12	3224489	C	G	9
U00096.3_MG1655_k12	3226964	A	T	9
U00096.3_MG1655_k12	3227271	G	C	9
U00096.3_MG1655_k12	3228202	C	-C	8
U00096.3_MG1655_k12	3230701	C	G	3
U00096.3_MG1655_k12	3233224	C	G	9
U00096.3_MG1655_k12	3235946	T	-T	8
U00096.3_MG1655_k12	3236600	A	T	9
U00096.3_MG1655_k12	3243691	T	A	9
U00096.3_MG1655_k12	3250177	T	-T	8
U00096.3_MG1655_k12	3250494	G	C	9
U00096.3_MG1655_k12	3254671	C	-CG	8
U00096.3_MG1655_k12	3265432	A	T	9
U00096.3_MG1655_k12	3266659	G	+C	8
U00096.3_MG1655_k12	3268387	G	C	9
U00096.3_MG1655_k12	3273946	C	G	9
U00096.3_MG1655_k12	3282052	T	A	9
U00096.3_MG1655_k12	3284663	A	T	9
U00096.3_MG1655_k12	3286167	G	-GA	8
U00096.3_MG1655_k12	3286997	A	T	9
U00096.3_MG1655_k12	3289347	A	T	9
U00096.3_MG1655_k12	3296190	C	G	9
U00096.3_MG1655_k12	3296731	C	G	9
U00096.3_MG1655_k12	3308636	C	G	9
U00096.3_MG1655_k12	3314531	G	-G	8
U00096.3_MG1655_k12	3316794	T	A	9
U00096.3_MG1655_k12	3318388	T	A	9
U00096.3_MG1655_k12	3321176	A	T	9
U00096.3_MG1655_k12	3321653	G	C	9
U00096.3_MG1655_k12	3324772	G	C	9
U00096.3_MG1655_k12	3325416	T	A	9
U00096.3_MG1655_k12	3327015	A	T	9
U00096.3_MG1655_k12	3330638	G	C	7
U00096.3_MG1655_k12	3330660	A	+T	8
U00096.3_MG1655_k12	3340256	T	+A	8
U00096.3_MG1655_k12	3345389	C	G	8
U00096.3_MG1655_k12	3346389	T	A	9
U00096.3_MG1655_k12	3349312	C	G	9
U00096.3_MG1655_k12	3351295	T	A	9
U00096.3_MG1655_k12	3355389	G	C	9
U00096.3_MG1655_k12	3358150	G	C	9
U00096.3_MG1655_k12	3359687	C	G	9
U00096.3_MG1655_k12	3372000	G	C	9
U00096.3_MG1655_k12	3372074	A	T	9
U00096.3_MG1655_k12	3372193	G	C	9
U00096.3_MG1655_k12	3372354	G	+C	8
U00096.3_MG1655_k12	3373893	G	C	9
U00096.3_MG1655_k12	3384594	T	+A	8
U00096.3_MG1655_k12	3385429	T	A	9
U00096.3_MG1655_k12	3398504	C	G	9
U00096.3_MG1655_k12	3408466	G	C	9
U00096.3_MG1655_k12	3411253	G	+CG	8
U00096.3_MG1655_k12	3416351	C	G	9
U00096.3_MG1655_k12	3418193	C	G	9
U00096.3_MG1655_k12	3422827	C	-CT	8
U00096.3_MG1655_k12	3423907	A	T	9
U00096.3_MG1655_k12	3429176	A	T	9
U00096.3_MG1655_k12	3429224	G	C	9
U00096.3_MG1655_k12	3431389	G	C	9
U00096.3_MG1655_k12	3440867	T	A	9
U00096.3_MG1655_k12	3442627	G	+C	8
U00096.3_MG1655_k12	3443816	C	-C	4
U00096.3_MG1655_k12	3451564	A	T	9
U00096.3_MG1655_k12	3452189	G	C	9
U00096.3_MG1655_k12	3456888	G	C	9
U00096.3_MG1655_k12	3457866	A	+TCAC	8
U00096.3_MG1655_k12	3460902	T	A	9
U00096.3_MG1655_k12	3463486	C	+G	8
U00096.3_MG1655_k12	3464850	C	G	9
U00096.3_MG1655_k12	3470607	A	T	9
U00096.3_MG1655_k12	3476296	T	A	9
U00096.3_MG1655_k12	3493804	T	A	9
U00096.3_MG1655_k12	3499700	C	G	9
U00096.3_MG1655_k12	3502573	G	C	9
U00096.3_MG1655_k12	3506125	G	C	9
U00096.3_MG1655_k12	3512337	T	A	9
U00096.3_MG1655_k12	3516764	G	C	9
U00096.3_MG1655_k12	3525581	A	T	9
U00096.3_MG1655_k12	3532719	T	A	9
U00096.3_MG1655_k12	3533136	C	G	9
U00096.3_MG1655_k12	3533380	G	-GG	8
U00096.3_MG1655_k12	3542865	C	G	9
U00096.3_MG1655_k12	3543902	T	A	9
U00096.3_MG1655_k12	3546525	A	T	9
U00096.3_MG1655_k12	3553130	T	+A	8
U00096.3_MG1655_k12	3558228	T	A	6
U00096.3_MG1655_k12	3560057	G	C	9
U00096.3_MG1655_k12	3570901	T	A	9
U00096.3_MG1655_k12	3575787	T	A	9
U00096.3_MG1655_k12	3575877	G	C	9
U00096.3_MG1655_k12	3579181	C	G	9
U00096.3_MG1655_k12	3598192	G	-GC	8
U00096.3_MG1655_k12	3604358	T	A	9
U00096.3_MG1655_k12	3605161	C	G	9
U00096.3_MG1655_k12	3608595	T	A	9
U00096.3_MG1655_k12	3612017	T	A	9
U00096.3_MG1655_k12	3624271	C	G	9
U00096.3_MG1655_k12	3636699	T	A	9
U00096.3_MG1655_k12	3638541	G	C	9
U00096.3_MG1655_k12	3641838	T	A	9
U00096.3_MG1655_k12	3645497	C	G	9
U00096.3_MG1655_k12	3650339	G	C	9
U00096.3_MG1655_k12	3655307	C	G	4
U00096.3_MG1655_k12	3658312	C	G	9
U00096.3_MG1655_k12	3661498	C	G	9
U00096.3_MG1655_k12	3663350	A	T	9
U00096.3_MG1655_k12	3666247	A	-ACG	8
U00096.3_MG1655_k12	3666613	T	A	9
U00096.3_MG1655_k12	3675312	C	G	9
U00096.3_MG1655_k12	3680127	A	T	9
U00096.3_MG1655_k12	3681827	C	G	9
U00096.3_MG1655_k12	3682953	G	C	9
U00096.3_MG1655_k12	3684352	G	C	9
U00096.3_MG1655_k12	3686396	T	A	9
U00096.3_MG1655_k12	3690704	T	A	9
U00096.3_MG1655_k12	3693782	T	A	9
U00096.3_MG1655_k12	3695350	A	T	9
U00096.3_MG1655_k12	3696871	A	+T	8
U00096.3_MG1655_k12	3704740	C	G	9
U00096.3_MG1655_k12	3705210	C	G	9
U00096.3_MG1655_k12	3705609	T	+AC	8
U00096.3_MG1655_k12	3708372	A	T	9
U00096.3_MG1655_k12	3714422	T	A	9
U00096.3_MG1655_k12	3717320	C	G	9
U00096.3_MG1655_k12	3717620	G	C	9
U00096.3_MG1655_k12	3727840	T	A	9
U00096.3_MG1655_k12	3735334	G	C	9
U00096.3_MG1655_k12	3738594	C	G	9
U00096.3_MG1655_k12	3740559	G	C	9
U00096.3_MG1655_k12	3744263	T	A	9
U00096.3_MG1655_k12	3746821	G	-G	8
U00096.3_MG1655_k12	3748019	A	T	9
U00096.3_MG1655_k12	3751607	C	G	9
U00096.3_MG1655_k12	3758668	G	+C	8
U00096.3_MG1655_k12	3765820	A	T	9
U00096.3_MG1655_k12	3768783	A	T	9
U00096.3_MG1655_k12	3770465	T	A	9
U00096.3_MG1655_k12	3771917	G	C	9
U00096.3_MG1655_k12	3777597	G	C	9
U00096.3_MG1655_k12	3779260	C	+G	8
U00096.3_MG1655_k12	3779630	A	T	9
U00096.3_MG1655_k12	3780588	C	G	9
U00096.3_MG1655_k12	3796103	G	+C	8
U00096.3_MG1655_k12	3799247	C	G	9
U00096.3_MG1655_k12	3820390	C	G	9
U00096.3_MG1655_k12	3821787	G	C	9
U00096.3_MG1655_k12	3824506	C	+GACCG	8
U00096.3_MG1655_k12	3830668	G	C	9
U00096.3_MG1655_k12	3831725	C	G	9
U00096.3_MG1655_k12	3834574	T	A	9
U00096.3_MG1655_k12	3836684	G	C	9
U00096.3_MG1655_k12	3844145	A	T	9
U00096.3_MG1655_k12	3844981	A	T	9
U00096.3_MG1655_k12	3845545	C	G	9
U00096.3_MG1655_k12	3857147	G	C	9
U00096.3_MG1655_k12	3859072	C	-C	8
U00096.3_MG1655_k12	3861677	A	T	8
U00096.3_MG1655_k12	3869532	G	C	9
U00096.3_MG1655_k12	3871601	G	C	9
U00096.3_MG1655_k12	3871987	G	C	9
U00096.3_MG1655_k12	3907759	A	T	9
U00096.3_MG1655_k12	3908263	G	C	9
U00096.3_MG1655_k12	3911427	T	A	9
U00096.3_MG1655_k12	3914593	C	G	9
U00096.3_MG1655_k12	3917094	G	C	9
U00096.3_MG1655_k12	3917128	C	G	9
U00096.3_MG1655_k12	3943184	T	A	9
U00096.3_MG1655_k12	3945484	G	C	9
U00096.3_MG1655_k12	3947243	A	T	9
U00096.3_MG1655_k12	3968156	C	G	9
U00096.3_MG1655_k12	3969172	T	A	9
U00096.3_MG1655_k12	3970475	A	T	9
U00096.3_MG1655_k12	3971170	C	+GTGA	8
U00096.3_MG1655_k12	3976897	G	C	9
U00096.3_MG1655_k12	3982884	G	C	9
U00096.3_MG1655_k12	3995119	A	T	9
U00096.3_MG1655_k12	3998246	A	T	9
U00096.3_MG1655_k12	4003847	C	G	9
U00096.3_MG1655_k12	4012026	T	A	9
U00096.3_MG1655_k12	4014882	C	G	9
U00096.3_MG1655_k12	4019705	G	C	9
U00096.3_MG1655_k12	4020099	G	-G	8
U00096.3_MG1655_k12	4020739	A	-A	8
U00096.3_MG1655_k12	4029837	T	A	9
U00096.3_MG1655_k12	4030860	A	+TC	8
U00096.3_MG1655_k12	4031958	C	G	9
U00096.3_MG1655_k12	4046287	T	A	9
U00096.3_MG1655_k12	4049708	A	T	9
U00096.3_MG1655_k12	4063032	A	T	9
U00096.3_MG1655_k12	4065940	C	G	9
U00096.3_MG1655_k12	4069831	G	C	9
U00096.3_MG1655_k12	4072597	A	T	9
U00096.3_MG1655_k12	4081471	T	A	9
U00096.3_MG1655_k12	4095680	T	A	9
U00096.3_MG1655_k12	4099493	A	T	9
U00096.3_MG1655_k12	4101142	T	A	9
U00096.3_MG1655_k12	4117081	T	A	9
U00096.3_MG1655_k12	4119405	C	G	9
U00096.3_MG1655_k12	4123125	T	A	9
U00096.3_MG1655_k12	4123288	T	A	9
U00096.3_MG1655_k12	4124212	A	T	9
U00096.3_MG1655_k12	4131088	C	G	9
U00096.3_MG1655_k12	4137179	G	C	9
U00096.3_MG1655_k12	4146796	C	G	9
U00096.3_MG1655_k12	4146908	A	T	9
U00096.3_MG1655_k12	4147894	A	T	9
U00096.3_MG1655_k12	4147953	C	G	9
U00096.3_MG1655_k12	4148343	T	A	9
U00096.3_MG1655_k12	4150083	T	A	9
U00096.3_MG1655_k12	4151908	G	C	9
U00096.3_MG1655_k12	4153582	T	A	9
U00096.3_MG1655_k12	4156383	T	A	9
U00096.3_MG1655_k12	4173134	C	G	9
U00096.3_MG1655_k12	4176986	C	G	9
U00096.3_MG1655_k12	4183716	C	+GGCG	8
U00096.3_MG1655_k12	4183843	C	G	9
U00096.3_MG1655_k12	4183938	T	-TCTT	8
U00096.3_MG1655_k12	4188165	A	T	9
U00096.3_MG1655_k12	4190537	G	C	9
U00096.3_MG1655_k12	4190783	A	T	9
U00096.3_MG1655_k12	4195587	A	T	9
U00096.3_MG1655_k12	4196637	C	G	9
U00096.3_MG1655_k12	4200406	C	G	9
U00096.3_MG1655_k12	4204839	G	C	9
U00096.3_MG1655_k12	4210781	G	+C	8
U00096.3_MG1655_k12	4215089	T	A	9
U00096.3_MG1655_k12	4229952	G	C	9
U00096.3_MG1655_k12	4232401	T	A	9
U00096.3_MG1655_k12	4232826	G	C	9
U00096.3_MG1655_k12	4236643	G	C	9
U00096.3_MG1655_k12	4242126	T	A	9
U00096.3_MG1655_k12	4247016	G	C	9
U00096.3_MG1655_k12	4251199	A	T	9
U00096.3_MG1655_k12	4253229	G	C	9
U00096.3_MG1655_k12	4253877	C	G	9
U00096.3_MG1655_k12	4256706	T	A	9
U00096.3_MG1655_k12	4260242	T	+A	8
U00096.3_MG1655_k12	4260462	T	-T	8
U00096.3_MG1655_k12	4263119	G	C	9
U00096.3_MG1655_k12	4264522	C	G	9
U00096.3_MG1655_k12	4265083	G	+C	8
U00096.3_MG1655_k12	4268543	T	-T	8
U00096.3_MG1655_k12	4277079	G	C	9
U00096.3_MG1655_k12	4282040	T	A	9
U00096.3_MG1655_k12	4285107	A	T	6
U00096.3_MG1655_k12	4285467	G	+CTATT	3
U00096.3_MG1655_k12	4286057	C	G	9
U00096.3_MG1655_k12	4292814	C	G	9
U00096.3_MG1655_k12	4297950	C	G	9
U00096.3_MG1655_k12	4307420	C	+GCG	8
U00096.3_MG1655_k12	4307574	T	A	9
U00096.3_MG1655_k12	4311024	G	C	9
U00096.3_MG1655_k12	4327496	A	T	9
U00096.3_MG1655_k12	4345909	T	A	9
U00096.3_MG1655_k12	4347538	A	+TC	8
U00096.3_MG1655_k12	4354665	C	G	9
U00096.3_MG1655_k12	4356732	C	G	9
U00096.3_MG1655_k12	4363137	C	G	6
U00096.3_MG1655_k12	4363156	G	C	9
U00096.3_MG1655_k12	4368108	T	A	9
U00096.3_MG1655_k12	4369062	A	T	9
U00096.3_MG1655_k12	4369376	T	A	9
U00096.3_MG1655_k12	4375807	A	T	9
U00096.3_MG1655_k12	4376135	T	A	9
U00096.3_MG1655_k12	4386972	A	T	9
U00096.3_MG1655_k12	4389374	A	T	9
U00096.3_MG1655_k12	4392128	C	G	9
U00096.3_MG1655_k12	4392788	C	G	9
U00096.3_MG1655_k12	4400981	A	T	9
U00096.3_MG1655_k12	4407569	A	T	9
U00096.3_MG1655_k12	4412394	A	T	9
U00096.3_MG1655_k12	4417599	A	T	9
U00096.3_MG1655_k12	4430558	A	T	9
U00096.3_MG1655_k12	4433491	A	T	9
U00096.3_MG1655_k12	4436488	C	G	9
U00096.3_MG1655_k12	4438247	T	A	9
U00096.3_MG1655_k12	4441072	A	+T	8
U00096.3_MG1655_k12	4443541	T	A	9
U00096.3_MG1655_k12	4446688	G	+C	8
U00096.3_MG1655_k12	4455049	A	T	9
U00096.3_MG1655_k12	4461254	G	C	9
U00096.3_MG1655_k12	4462580	C	G	9
U00096.3_MG1655_k12	4465560	G	C	9
U00096.3_MG1655_k12	4465932	A	T	9
U00096.3_MG1655_k12	4466606	C	G	9
U00096.3_MG1655_k12	4467116	T	A	9
U00096.3_MG1655_k12	4476726	A	+T	8
U00096.3_MG1655_k12	4480413	A	T	9
U00096.3_MG1655_k12	4481252	A	T	9
U00096.3_MG1655_k12	4483851	A	T	9
U00096.3_MG1655_k12	4498987	T	A	9
U00096.3_MG1655_k12	4499305	G	C	4
U00096.3_MG1655_k12	4499316	C	G	9
U00096.3_MG1655_k12	4503104	T	A	9
U00096.3_MG1655_k12	4506630	A	T	9
U00096.3_MG1655_k12	4510142	T	A	9
U00096.3_MG1655_k12	4512799	T	+A	8
U00096.3_MG1655_k12	4523057	T	-T	8
U00096.3_MG1655_k12	4526421	G	C	9
U00096.3_MG1655_k12	4527372	G	C	9
U00096.3_MG1655_k12	4528041	A	T	9
U00096.3_MG1655_k12	4530172	A	-A	8
U00096.3_MG1655_k12	4533008	A	T	9
U00096.3_MG1655_k12	4535770	A	T	9
U00096.3_MG1655_k12	4543551	T	A	9
U00096.3_MG1655_k12	4548190	T	A	9
U00096.3_MG1655_k12	4563077	A	T	9
U00096.3_MG1655_k12	4572065	A	T	9
U00096.3_MG1655_k12	4581583	C	G	9
U00096.3_MG1655_k12	4587371	C	G	9
U00096.3_MG1655_k12	4589145	G	C	9
U00096.3_MG1655_k12	4595220	C	G	9
U00096.3_MG1655_k12	4600721	A	T	9
U00096.3_MG1655_k12	4603424	A	T	9
U00096.3_MG1655_k12	4603827	G	C	9
U00096.3_MG1655_k12	4608873	C	G	9
U00096.3_MG1655_k12	4617618	T	-TTTC	8
U00096.3_MG1655_k12	4621636	A	T	9
U00096.3_MG1655_k12	4626620	G	C	9
U00096.3_MG1655_k12	4633638	C	G	4
U00096.3_MG1655_k12	4639114	C	G	9
